dataset,variant,family,depth,decay,lam_w,bet_w,fit_s,best_iter,mase_mean,mase_med,msmape_mean,msmape_med,rmse_mean,rmse_med
Bitcoin,base,mDT,8,0.001,0.0,0.0,0.13,-1,4.878943688707339,3.2813684611439218,29.978028165906437,18.623504027406735,9.195004529778833e+17,47068.798146235946
Bitcoin,base,mGBT,8,0.001,0.0,0.0,8.51,62,4.907198883611314,3.1679261603326365,30.93450249160392,19.841513245129235,1.40290845977047e+18,29408.328575869957
Bitcoin,base,mRF,40,0.001,0.0,0.0,12.01,-1,4.294696727617496,3.167544228067361,24.37636949453505,19.131262507267728,1.2097615869414418e+18,29431.023905722657
Bitcoin,deriv,mDT,4,0.001,0.5,0.0,0.07,-1,7.663996980093007,4.245355122494383,36.6631648822341,22.479857450011828,7.64280405201943e+17,48183.78102166634
Bitcoin,deriv,mGBT,8,0.001,0.5,0.0,5.86,32,5.8741681747682994,3.0169953670421874,35.58544738832736,18.553552158857713,6.259459473668248e+17,25768.155815981656
Bitcoin,deriv,mRF,40,0.001,0.5,0.0,13.06,-1,4.379777689197912,3.2981465108743664,24.700247755121282,19.975799114502216,1.328399720840592e+18,30063.885323203074
Bitcoin,seas,mDT,8,0.001,0.0,0.2,0.13,-1,4.725494644634905,2.9729092286836973,29.323648019260954,17.725303206507654,1.0231155157887133e+18,32135.080274715605
Bitcoin,seas,mGBT,8,0.001,0.0,0.2,8.76,67,5.10096696083824,3.2344633904256255,31.280648730544005,20.012466026896135,1.622968748287654e+18,29935.032217367327
Bitcoin,seas,mRF,40,0.001,0.0,0.2,12.02,-1,4.283578951262708,3.2036020726667047,24.585522853848943,19.52183022527838,1.2782830403800696e+18,29803.718433156882
Bitcoin,both,mDT,4,1.0,0.2,0.2,0.07,-1,5.809178654094716,3.646045760482573,33.58675482324927,23.995683352193055,1.9892886256855903e+18,52249.96617969038
Bitcoin,both,mGBT,8,1.0,0.2,0.2,6.8,43,4.836146823697134,3.144858324054173,31.20965088842938,20.101010245206663,1.441056968570324e+18,30022.518738280807
Bitcoin,both,mRF,40,1.0,0.2,0.2,12.08,-1,4.162670484187591,3.1442403887324573,24.427758870799558,19.826812229329207,1.5160634682785797e+18,28445.10590131969
COVID Deaths,base,mDT,12,0.001,0.0,0.0,0.13,-1,5.539931499031161,1.0829148271690134,34.68667087690762,4.965478588500618,277.91395521951034,8.617818456404548
COVID Deaths,base,mGBT,8,0.001,0.0,0.0,10.46,177,6.353552381396082,1.4423111182249364,36.60536085289623,5.964570736151423,263.44111995479557,15.160670909434694
COVID Deaths,base,mRF,40,0.001,0.0,0.0,4.5,-1,5.618901596047358,0.9424832476697516,34.79889192918185,4.768537931345788,255.89370420007782,10.936085937377882
COVID Deaths,deriv,mDT,12,0.001,0.2,0.0,0.13,-1,6.221967601323892,1.1828130543411055,35.94243069573059,5.756745757312175,560.3164713763133,9.076329437819776
COVID Deaths,deriv,mGBT,8,0.001,0.2,0.0,18.32,363,6.542337806905757,1.3575437836267117,36.62799350182796,5.9215260154282845,261.337333695875,16.172822552853738
COVID Deaths,deriv,mRF,40,0.001,0.2,0.0,4.69,-1,5.605093513428796,0.9768245911167297,34.80690506122139,4.62504796697277,252.8505627707275,11.279181533690243
COVID Deaths,seas,mDT,12,0.001,0.0,0.2,0.13,-1,6.1930043613819805,1.1604226126775166,35.868507058305646,5.7735551547016,496.2827699121097,12.67528863228853
COVID Deaths,seas,mGBT,8,0.001,0.0,0.2,18.47,367,6.266771443930132,1.272025043710176,36.37176844781605,5.860825434767165,260.28632118205627,13.117741996410631
COVID Deaths,seas,mRF,40,0.001,0.0,0.2,4.58,-1,5.616267480913924,0.9535662144873758,34.79545156526794,4.897091256949482,265.14041521400725,10.502019625438175
COVID Deaths,both,mDT,12,0.001,0.2,0.2,0.13,-1,5.9733954469895005,1.0937445794177325,35.398205497405215,5.514786623446134,296.77113199941317,11.043859183148232
COVID Deaths,both,mGBT,8,0.001,0.2,0.2,17.4,343,6.206650268711865,1.4298932140268743,36.37934169782472,6.675572646399763,269.2709638797026,14.401372635316616
COVID Deaths,both,mRF,40,0.001,0.2,0.2,4.63,-1,5.602607820208922,1.0440533153806988,34.819508482690836,4.658514521387219,262.2953573333587,10.212211921686428
Chaotic logistic,base,mDT,8,0.001,0.0,0.0,0.07,-1,0.6282351179751055,0.6139900035098613,40.70145071867409,34.29734942617309,0.24963284235008673,0.23551348684942813
Chaotic logistic,base,mGBT,8,0.001,0.0,0.0,10.92,217,0.6279874482364809,0.5955527640761978,40.83557744147166,34.1620619997648,0.24980674082370438,0.23717111041206218
Chaotic logistic,base,mRF,40,0.001,0.0,0.0,4.95,-1,0.6248250674143794,0.5877566688675604,40.529216821061915,32.8349984752991,0.2481579303502736,0.23093586145882639
Chaotic logistic,deriv,mDT,8,0.001,0.5,0.0,0.07,-1,0.6308358616401993,0.6095089889393953,40.937111283155126,33.663319597906124,0.25087744561032815,0.23607619565777294
Chaotic logistic,deriv,mGBT,8,0.001,0.5,0.0,11.24,224,0.6252694338697988,0.5983564179730607,40.660446174817956,34.61346074638682,0.24882263882576613,0.2325686915024371
Chaotic logistic,deriv,mRF,40,0.001,0.5,0.0,4.87,-1,0.6254957673135133,0.5897480315611813,40.57956291085907,32.28029438742814,0.2484046769890929,0.22767941214881987
Electricity Weekly,base,mDT,8,0.001,0.0,0.0,0.06,-1,1.0667067416123517,0.9449279352449651,10.661567286912739,8.482678298949539,65010.2244354293,9862.49144486321
Electricity Weekly,base,mGBT,8,0.001,0.0,0.0,9.34,251,0.8213487570633422,0.7557414233059258,9.695680432902204,6.5139837910330955,41844.65081425773,7700.170720510033
Electricity Weekly,base,mRF,40,0.001,0.0,0.0,8.86,-1,0.8390217983184962,0.7950225993619935,9.596415630716828,6.645738018379458,44450.88968346562,8284.818087924441
Electricity Weekly,deriv,mDT,8,0.001,0.2,0.0,0.06,-1,1.0625891704811155,0.9436040453860742,10.788560245174752,8.392913481085934,66197.16037109631,9899.44260425808
Electricity Weekly,deriv,mGBT,8,0.001,0.2,0.0,11.01,302,0.8255122724143189,0.7469410178294961,9.557287234060155,6.442532174241911,36493.38441324234,7806.594608086166
Electricity Weekly,deriv,mRF,40,0.001,0.2,0.0,8.88,-1,0.837058407757998,0.7855220580362308,9.594217445869504,6.582914870979256,45481.61707276065,8250.740003389446
Electricity Weekly,seas,mDT,8,0.5,0.0,0.2,0.06,-1,0.9025670147951361,0.7696850605127104,9.864427974476017,6.893964357231068,52303.415605569186,8369.577841803015
Electricity Weekly,seas,mGBT,8,0.5,0.0,0.2,6.26,157,0.819183419528908,0.7257127681634464,9.543598345667048,6.468855695250431,36786.78587992219,7882.673293369452
Electricity Weekly,seas,mRF,40,0.5,0.0,0.2,8.58,-1,0.7746164312225762,0.70396666943055,8.844937550103706,6.048658175922948,36905.971627301566,7254.594277077113
Electricity Weekly,both,mDT,8,0.001,0.5,0.5,0.06,-1,1.005238936847443,0.8910086733589705,10.514383792309188,7.7501542447349765,50918.03126737597,9388.553533540311
Electricity Weekly,both,mGBT,8,0.001,0.5,0.5,12.94,394,0.8339819821103801,0.7631017234046863,9.711690999416513,6.531337374160762,39425.389767354885,7805.400686383756
Electricity Weekly,both,mRF,40,0.001,0.5,0.5,8.81,-1,0.8365043411306496,0.7904545843247132,9.583175917188958,6.6458218260868005,46273.69941104895,7943.252364428566
FREDMD,base,mDT,8,0.5,0.0,0.0,0.14,-1,1.1085842562515245,0.6625079164277051,9.426937731922825,3.0382887867334634,5037.022301777807,3.9143933800297543
FREDMD,base,mGBT,8,0.5,0.0,0.0,30.51,389,0.7195071466845153,0.45468562916785676,7.880539069732968,2.146374788461193,3282.903193486965,3.9953331632973654
FREDMD,base,mRF,40,0.5,0.0,0.0,10.61,-1,0.5478276112086063,0.4142036526193755,7.255219238775829,1.682299775238914,1107.1714109322747,4.1431064633593735
FREDMD,deriv,mDT,8,1.0,0.5,0.0,0.14,-1,1.2527792328865195,0.7773043874772717,9.936282193084699,4.0412543877153935,2067.19199374855,4.290295077232445
FREDMD,deriv,mGBT,8,1.0,0.5,0.0,30.52,398,0.6480076593337455,0.4983888981894848,8.118896874318121,1.8178057798727931,2714.3126658340916,2.5864956431391235
FREDMD,deriv,mRF,40,1.0,0.5,0.0,11.26,-1,0.5521636110401961,0.39712291747642287,7.227857814105725,1.8594856508565825,1219.315645597878,4.077652373819674
FREDMD,seas,mDT,8,1.0,0.0,0.2,0.14,-1,1.1954620082193315,0.6786849262105289,9.593620926824475,3.497162308432334,5281.2916471303,4.836885204409855
FREDMD,seas,mGBT,8,1.0,0.0,0.2,30.53,399,0.6542579998933897,0.4693673144313386,7.912545096768022,1.7716267560607872,3428.7027585718033,3.714505486169874
FREDMD,seas,mRF,40,1.0,0.0,0.2,10.75,-1,0.5605897487127685,0.42571430568718605,7.3294683137266,1.887494238792276,1080.2108045048171,3.8525097042123306
FREDMD,both,mDT,8,0.5,0.2,0.2,0.14,-1,1.1204915072695183,0.6293432310325218,9.55909991209391,3.18023514595474,5235.108330198132,4.400884485440923
FREDMD,both,mGBT,8,0.5,0.2,0.2,27.33,319,0.7049827509343521,0.49084602725319526,7.914101122823919,2.0427301153257784,3738.559217310688,2.7341581183764756
FREDMD,both,mRF,40,0.5,0.2,0.2,10.68,-1,0.5517169356337829,0.39303114862741373,7.284733883331875,1.7877173193441172,1128.8239835890881,4.1854318936816854
Favorita Daily,base,mDT,12,1.0,0.0,0.0,8.4,-1,0.8148324910964877,0.7244170431877981,91.11000105284991,86.64868097702126,3.374538200326496,2.1759570646233035
Favorita Daily,base,mGBT,8,1.0,0.0,0.0,882.27,174,0.8031128974606035,0.7101235514894326,90.9154207682689,86.53948186388334,3.315230191427935,2.1639321725555947
Favorita Daily,base,mRF,40,1.0,0.0,0.0,418.47,-1,0.8061496797962948,0.7190031933917878,90.72295013948609,86.8315035370938,3.299031273060927,2.1641189510474668
Favorita Daily,deriv,mDT,12,0.5,0.5,0.0,8.5,-1,0.8146340183377511,0.7179336941510479,91.16454486723158,86.60027545194038,3.367466988682795,2.181032326896671
Favorita Daily,deriv,mGBT,8,0.5,0.5,0.0,809.51,157,0.8038263133854084,0.7123471049702319,90.87165219271883,86.75595035650558,3.318649665102253,2.1762656312752333
Favorita Daily,deriv,mRF,40,0.5,0.5,0.0,422.03,-1,0.8060917301939043,0.7171036889091117,90.6854245404168,86.68965610976346,3.29742185380114,2.165351595787759
Favorita Daily,seas,mDT,12,0.5,0.0,0.2,8.37,-1,0.8123494814484827,0.7266212858914214,91.27493185188675,86.57067093381758,3.368117012678127,2.1839888882845724
Favorita Daily,seas,mGBT,8,0.5,0.0,0.2,689.0,127,0.8032391222052918,0.7129837251857523,90.94022589886676,86.61625566774504,3.3219516814233896,2.1559164138039404
Favorita Daily,seas,mRF,40,0.5,0.0,0.2,410.97,-1,0.8058109543319975,0.7153543066600249,90.71396058050601,86.84765111238154,3.2967302018011604,2.159552277439002
Favorita Daily,both,mDT,12,0.5,0.5,0.2,8.49,-1,0.8097610922104801,0.7223706063294872,91.08723224538743,87.1347390306192,3.3678928398889587,2.1711329900693297
Favorita Daily,both,mGBT,8,0.5,0.5,0.2,605.89,110,0.8034329386794673,0.7168168617704194,90.94472328959301,86.64097181397375,3.3253245829579865,2.1613016476834117
Favorita Daily,both,mRF,40,0.5,0.5,0.2,416.4,-1,0.8068978674235493,0.719351817409722,90.70938890344934,87.0511612170848,3.3061886450138025,2.161955271586775
Favorita Daily with Cov,base,mDT,12,0.5,0.0,0.0,8.99,-1,0.8158645145642012,0.7225375780260008,91.42303543581805,86.48184304436563,3.3772985725972413,2.1614620934224056
Favorita Daily with Cov,base,mGBT,8,0.5,0.0,0.0,1444.59,296,0.8056061961134613,0.7097139690203828,91.1357777150549,87.00700716459278,3.2970337892461474,2.1412836777168565
Favorita Daily with Cov,base,mRF,40,0.5,0.0,0.0,422.21,-1,0.8085103857956483,0.7160357810013811,91.09146320678663,87.12188251989679,3.297481739075403,2.166469227259432
Favorita Daily with Cov,deriv,mDT,12,1.0,0.2,0.0,9.01,-1,0.8129320943020661,0.7237181640867816,91.49252022359393,86.62022509195958,3.382717104449664,2.1609124313093924
Favorita Daily with Cov,deriv,mGBT,8,1.0,0.2,0.0,1402.4,285,0.8055159271891033,0.7108801881505229,91.20765146762686,86.97505800466709,3.300517233420535,2.144811154829539
Favorita Daily with Cov,deriv,mRF,40,1.0,0.2,0.0,422.62,-1,0.8091060367495178,0.7165663577412806,91.11407285039616,87.52148759413933,3.3021216853822772,2.1601924222702387
Favorita Daily with Cov,seas,mDT,12,1.0,0.0,0.2,9.1,-1,0.8118485914097741,0.7294801396193771,91.497941829364,87.02003444972881,3.380918986103704,2.171417562037751
Favorita Daily with Cov,seas,mGBT,8,1.0,0.0,0.2,1006.8,200,0.8049186796759865,0.7096417293857966,91.21348269327711,87.02336323763961,3.3005786164107502,2.146154712909012
Favorita Daily with Cov,seas,mRF,40,1.0,0.0,0.2,415.02,-1,0.807917266958183,0.7173331841969688,91.09593745062534,87.23140386843853,3.296981940275564,2.1777060117960447
Favorita Daily with Cov,both,mDT,12,1.0,0.2,0.2,9.09,-1,0.8140947205948929,0.722537250727024,91.45612919708606,87.07424525498328,3.36919375179726,2.167028725741983
Favorita Daily with Cov,both,mGBT,8,1.0,0.2,0.2,1627.43,334,0.8054162361994821,0.710241826388998,91.14175984118413,87.04752015853919,3.299144385886958,2.148134954620278
Favorita Daily with Cov,both,mRF,40,1.0,0.2,0.2,419.83,-1,0.8077808933356894,0.7146046725661942,91.0719507440184,87.25935756349726,3.297940688885911,2.1644382285336334
Hospital,base,mDT,8,0.001,0.0,0.0,0.1,-1,0.8642002017483726,0.7990867579908676,19.109674448421153,17.666291005813992,28.149150286303463,9.018499505645789
Hospital,base,mGBT,8,0.001,0.0,0.0,12.95,216,0.817103365739821,0.76,18.423997000646846,17.387204728601372,24.809496428016164,8.669871055761948
Hospital,base,mRF,40,0.001,0.0,0.0,5.38,-1,0.8172741947954172,0.7678177169778984,18.382598187605833,17.229766905933754,24.73717456522256,8.73212459828649
Hospital,deriv,mDT,8,1.0,0.5,0.0,0.1,-1,0.8595133770747094,0.796812749003984,19.143848041216078,17.81104100641259,27.4480242909604,8.976822006330154
Hospital,deriv,mGBT,8,1.0,0.5,0.0,10.02,159,0.8167549577992697,0.7731958435163466,18.408026735792525,17.302086791852098,24.764155601819972,8.69386757049665
Hospital,deriv,mRF,40,1.0,0.5,0.0,5.73,-1,0.8135856349999409,0.762376313162322,18.34090478604949,17.249324993382377,24.212512324635686,8.5974803249692
Hospital,seas,mDT,8,1.0,0.0,0.2,0.1,-1,0.8491344194539471,0.7780320366132724,18.91341213185674,17.65360072758234,26.554610594348727,8.85061185198064
Hospital,seas,mGBT,8,1.0,0.0,0.2,12.25,205,0.818170689286057,0.7771765863256271,18.429780719948067,17.37258311860625,24.749862684792397,8.578072636345684
Hospital,seas,mRF,40,1.0,0.0,0.2,5.44,-1,0.8143455429922438,0.766016713091922,18.347547641338625,17.09066586970012,24.13283889768593,8.645808232895291
Hospital,both,mDT,8,1.0,0.5,0.5,0.1,-1,0.8499726813675962,0.7816091954022989,18.893775240961062,17.73538461261899,27.02206566002324,8.878813734578134
Hospital,both,mGBT,8,1.0,0.5,0.5,9.55,156,0.8182659159920369,0.7692307692307692,18.430060693021176,17.335693480179177,24.73500664615017,8.674675346697875
Hospital,both,mRF,40,1.0,0.5,0.5,5.59,-1,0.813881874428396,0.7698962267707377,18.347291873862417,17.210234244482525,24.22135515524802,8.674675896386553
Kaggle Daily,base,mDT,8,0.001,0.0,0.0,1.69,-1,0.829529211175644,0.6392781535666929,41.22135705004928,38.14070473171539,32.64850386008789,6.309712778869322
Kaggle Daily,base,mGBT,8,0.001,0.0,0.0,48.49,13,0.8080558732510493,0.5930899165722525,40.85820248579115,37.32999940857887,34.420157689953754,6.13391365414039
Kaggle Daily,base,mRF,40,0.001,0.0,0.0,120.94,-1,0.8435972103364188,0.6543330668230424,41.79266135413939,38.98657770605332,32.34621530430844,6.442041789930062
Kaggle Daily,deriv,mDT,12,0.001,0.2,0.0,2.28,-1,0.8346516021618609,0.6340658530190537,41.31059777773122,38.425886029345776,33.07642268869144,6.354132503016425
Kaggle Daily,deriv,mGBT,8,0.001,0.2,0.0,49.88,15,0.80869353339885,0.59238799347691,40.90832340397865,37.29173021134862,34.24838787859769,6.184650018546201
Kaggle Daily,deriv,mRF,40,0.001,0.2,0.0,122.66,-1,0.841872862597433,0.6532642767650901,41.776155768113384,38.91152903750161,32.38735994041472,6.509608045079111
Kaggle Daily,seas,mDT,12,0.001,0.0,0.2,2.28,-1,0.8442550516460505,0.6380710686719776,41.72580796635235,38.85087975315156,32.97234811424614,6.471082345033952
Kaggle Daily,seas,mGBT,8,0.001,0.0,0.2,49.25,14,0.8091343615564927,0.5958781638348218,40.908257565793086,37.45355580747038,34.24928398432372,6.184649941571833
Kaggle Daily,seas,mRF,40,0.001,0.0,0.2,117.37,-1,0.8450371178609398,0.6612171775591206,41.87859699189069,38.84337734450047,32.32557354131487,6.45174395028197
Kaggle Daily,both,mDT,12,0.001,0.5,0.2,2.34,-1,0.8424490955041452,0.6470731040825916,41.653325348961516,38.997522453049044,32.39823944351078,6.6049223030322795
Kaggle Daily,both,mGBT,8,0.001,0.5,0.2,48.73,13,0.8076550553651575,0.5890586344520937,40.836012269454514,37.14718569282279,34.40898736366173,6.128823258875587
Kaggle Daily,both,mRF,40,0.001,0.5,0.2,127.68,-1,0.8425103517622866,0.6559606036440702,41.8165389594226,38.80989959290534,32.46917765307242,6.412877817902759
Kaggle Daily with Cov,base,mDT,8,0.001,0.0,0.0,6.49,-1,0.8295041873375995,0.7256063111623268,42.38597208204225,39.59569126920693,25.46673126630622,8.25800785509156
Kaggle Daily with Cov,base,mGBT,8,0.001,0.0,0.0,308.86,38,0.8232467594242695,0.7191145815512054,42.24857682330626,39.46658087740521,25.330236662958395,8.14175240140086
Kaggle Daily with Cov,base,mRF,40,0.001,0.0,0.0,444.37,-1,0.8260124107138506,0.727064134775713,42.089095836796496,39.54183499431551,25.821035337633184,8.15785193806856
Kaggle Daily with Cov,deriv,mDT,8,0.001,0.2,0.0,6.7,-1,0.8302368827697688,0.7229262525347714,42.42945159321122,39.618869467834855,25.1915066842332,8.187938870742567
Kaggle Daily with Cov,deriv,mGBT,8,0.001,0.2,0.0,331.69,43,0.8237822446710257,0.7164606119184351,42.25889810162586,39.496067053862966,25.357324995887836,8.107330306269372
Kaggle Daily with Cov,deriv,mRF,40,0.001,0.2,0.0,454.06,-1,0.8266548860023613,0.7253111672305153,42.1400038763606,39.749323788047654,25.68186609328578,8.180692337837971
Kaggle Daily with Cov,seas,mDT,8,0.001,0.0,0.5,6.52,-1,0.8293217471210363,0.7256063111623268,42.36300098045502,39.56773646768326,25.48959062690253,8.25800785509156
Kaggle Daily with Cov,seas,mGBT,8,0.001,0.0,0.5,358.95,49,0.8233267694778958,0.7243425743840535,42.21001561423449,39.522951216645204,25.2696365895473,8.115688760919436
Kaggle Daily with Cov,seas,mRF,40,0.001,0.0,0.5,437.37,-1,0.8264569007862923,0.7293693629550152,42.142812262278255,39.83052105297632,25.69662305840475,8.187937016797509
Kaggle Daily with Cov,both,mDT,8,0.001,0.2,0.2,6.88,-1,0.830543410120364,0.7229262525347714,42.43759334170633,39.618869467834855,25.194777830532644,8.187938870742567
Kaggle Daily with Cov,both,mGBT,8,0.001,0.2,0.2,314.13,39,0.8237419053986875,0.7184293501201372,42.258453854169915,39.4571204583562,25.400973449458956,8.107849685368945
Kaggle Daily with Cov,both,mRF,40,0.001,0.2,0.2,456.17,-1,0.8258286681083523,0.7255080303547923,42.10999830788691,39.56802016089216,25.770102926523315,8.149035417768037
M4 Hourly,base,mDT,16,0.5,0.0,0.0,11.84,-1,1.1009917042915074,0.887314985067861,12.683937004151323,5.456986651049419,388.4772245360709,23.242300550569702
M4 Hourly,base,mGBT,8,0.5,0.0,0.0,1392.76,399,0.9812513336839461,0.80227581413439,10.957771822342108,5.11969759804976,337.2012238180148,19.176427864982024
M4 Hourly,base,mRF,40,0.5,0.0,0.0,1053.23,-1,0.7692279231771842,0.5548849605113572,9.831620353434506,4.210277991478522,234.72582386438572,17.90075728863944
M4 Hourly,deriv,mDT,16,0.5,0.5,0.0,11.67,-1,1.1495831587996443,0.8700912856242728,12.653627840777139,5.699554603570845,346.9106679520521,20.999516805960532
M4 Hourly,deriv,mGBT,8,0.5,0.5,0.0,1421.11,399,0.9779359598694277,0.7620713552046445,11.005964588691807,5.265409620012868,348.1876980947199,17.903609819772495
M4 Hourly,deriv,mRF,40,0.5,0.5,0.0,1041.17,-1,0.7732614661555113,0.5662298494621265,9.8560846324719,4.318247822740948,237.49467536228514,18.43780821115608
M4 Hourly,seas,mDT,16,0.5,0.0,0.2,11.89,-1,1.1902987420410664,0.8940199834694412,12.984565740941898,5.949902182840116,376.3522570254008,23.240184916737476
M4 Hourly,seas,mGBT,8,0.5,0.0,0.2,1394.57,399,0.9758411378220262,0.7738569958435213,10.895560173404697,4.954681820194034,307.68369110035195,17.90294499357131
M4 Hourly,seas,mRF,40,0.5,0.0,0.2,1045.75,-1,0.7685913763763442,0.5476030319921081,9.840303957254806,4.231041223056764,230.27512292282682,17.685730708498767
M4 Hourly,both,mDT,16,1.0,0.5,0.2,11.6,-1,1.1701571858201865,0.899496610988104,12.739789742434365,5.8564669395136875,418.3330716922039,22.982673543131007
M4 Hourly,both,mGBT,8,1.0,0.5,0.2,1424.55,399,0.9636104481381013,0.7501642626448548,10.83504078069633,5.120257520152576,340.988626693161,17.498818079971915
M4 Hourly,both,mRF,40,1.0,0.5,0.2,1058.28,-1,0.7734060620048062,0.5867939283087638,9.773180283391525,4.2643685313417,243.36058029308018,17.718420368281606
M4 Weekly,base,mDT,12,0.5,0.0,0.0,1.6,-1,0.5723375622946459,0.446370992550656,8.129749539551582,5.703485969360137,397.49952798231055,246.17392212827215
M4 Weekly,base,mGBT,8,0.5,0.0,0.0,288.93,397,0.4683371505768079,0.37047934427082124,6.789678103743813,4.52968481636345,331.2084761239035,193.95737295232698
M4 Weekly,base,mRF,40,0.5,0.0,0.0,222.33,-1,0.4273091688981904,0.29835015935946735,6.516928329652541,3.9911184038640384,322.5488483050802,189.6678642920694
M4 Weekly,deriv,mDT,12,0.5,0.2,0.0,1.61,-1,0.6195637570202539,0.43913735740558396,8.731142182179912,5.282307861927052,414.5512921964747,244.81640958554397
M4 Weekly,deriv,mGBT,8,0.5,0.2,0.0,193.35,229,0.4617607179310485,0.3516585006086049,6.7575223765905506,4.522067802555037,328.1783739874907,199.02480501320554
M4 Weekly,deriv,mRF,40,0.5,0.2,0.0,226.22,-1,0.4312395992936798,0.31293173523722645,6.598442047125472,3.9841309398151497,324.20714164993734,186.64033862441897
M4 Weekly,seas,mDT,12,1.0,0.0,0.2,1.6,-1,0.6927734872023441,0.44898575729232093,9.32282538982963,5.419277236088268,441.50495040569524,240.5101761545458
M4 Weekly,seas,mGBT,8,1.0,0.0,0.2,221.81,265,0.4643179285111788,0.3670380866853524,6.795838889405789,4.696337297165351,330.3852608310578,203.51164797229282
M4 Weekly,seas,mRF,40,1.0,0.0,0.2,221.56,-1,0.4323427145449245,0.3098270253974227,6.61966357132619,4.042865660926531,324.60682531957184,178.50405086898667
M4 Weekly,both,mDT,12,0.5,0.2,0.2,1.6,-1,0.5943183014218686,0.4332723935055716,8.389874140600549,5.5409867326453375,408.1307311153427,237.25081579573444
M4 Weekly,both,mGBT,8,0.5,0.2,0.2,269.6,333,0.46390406311241356,0.37170134664450966,6.96233302686484,4.267228582822713,331.45706222142104,195.52502510329356
M4 Weekly,both,mRF,40,0.5,0.2,0.2,224.77,-1,0.4302611154407196,0.3087272300705458,6.600946369560647,4.106754937822111,323.1377906012764,177.93368337967755
M5 Daily,base,mDT,4,0.001,0.0,0.0,6.57,-1,1.5844604488940968,1.3284716147699542,71.8643723194052,66.11447602022781,0.598942163856385,0.4707528439648926
M5 Daily,base,mGBT,8,0.001,0.0,0.0,349.59,-1,1.5306643056493696,1.2650939620607717,68.11804787916788,61.10477489018109,0.5978073697531524,0.46950477791251777
M5 Daily,base,mRF,40,0.001,0.0,0.0,896.9,-1,1.6484862214893174,1.3938886178026544,73.75985950588964,69.92150757857013,0.5997656389917331,0.4760509180662373
M5 Daily,deriv,mDT,4,1.0,0.2,0.0,6.61,-1,1.578064179700221,1.3155019542410824,71.30967968754672,65.72044812339496,0.5978845907478534,0.46953511020090377
M5 Daily,deriv,mGBT,8,1.0,0.2,0.0,352.49,-1,1.5306643056493696,1.2650939620607717,68.11804787916788,61.10477489018109,0.5978073697531524,0.46950477791251777
M5 Daily,deriv,mRF,40,1.0,0.2,0.0,1054.61,-1,1.6533967824278397,1.401092580796861,73.85433915973334,69.69608057696729,0.6005426098164246,0.47635185596456375
M5 Daily,seas,mDT,4,0.001,0.0,0.5,6.69,-1,1.5811767876272318,1.329322031888849,71.69416520067392,66.37252837879285,0.5985135324001858,0.4707644047876086
M5 Daily,seas,mGBT,8,0.001,0.0,0.5,342.73,-1,1.5368237482823508,1.273048724606622,68.65423860788016,61.976933937351795,0.595288273315814,0.4698785949504022
M5 Daily,seas,mRF,40,0.001,0.0,0.5,910.42,-1,1.648267288636475,1.4019821076435277,73.78487420690695,69.82518462610076,0.5994631525871771,0.4771369469527748
M5 Daily,both,mDT,4,0.001,0.2,0.5,6.71,-1,1.5810515852843439,1.3320106181880047,71.84540834915842,65.65383803987525,0.5984751111242268,0.47001400000531934
M5 Daily,both,mGBT,8,0.001,0.2,0.5,342.99,-1,1.5368237482823508,1.273048724606622,68.65423860788016,61.976933937351795,0.595288273315814,0.4698785949504022
M5 Daily,both,mRF,40,0.001,0.2,0.5,945.99,-1,1.6494628577318613,1.4007627713356792,73.86804870096371,69.80407588777953,0.5996272536768814,0.4777212064729673
M1 Monthly,base,mDT,16,0.5,0.0,0.0,0.17,-1,1.4063192367758302,1.2009292340884574,18.331738135782025,14.42361300151975,2917.56419469963,50.77732880251727
M1 Monthly,base,mGBT,8,0.5,0.0,0.0,22.65,389,1.1640517656123495,1.0000486879738695,15.800022947473707,12.23617012399835,2669.822202198658,44.8271636271137
M1 Monthly,base,mRF,40,0.5,0.0,0.0,5.38,-1,1.2072706564057079,1.0530983215213177,16.25289125256818,12.7074825799038,2565.1990257983807,46.62865574742629
M1 Monthly,deriv,mDT,16,0.5,0.2,0.0,0.17,-1,1.441053077330565,1.207970428641945,18.61011337234519,14.388066457495588,3027.1155977292447,61.19223561589029
M1 Monthly,deriv,mGBT,8,0.5,0.2,0.0,22.48,388,1.1618807658525132,0.9855618006351387,15.755707369637468,12.18546558475714,2569.538439956684,46.148630127253284
M1 Monthly,deriv,mRF,40,0.5,0.2,0.0,5.46,-1,1.2015024185677412,1.039173038493759,16.182804329374832,12.44989489018076,2547.215503914992,45.939735292932774
M1 Monthly,seas,mDT,16,1.0,0.0,0.5,0.17,-1,1.4533779910515539,1.193148060044549,19.10303906528521,14.793465174454424,3001.5039626596795,51.23122242709175
M1 Monthly,seas,mGBT,8,1.0,0.0,0.5,22.43,390,1.1604430755929174,0.9841206860863556,15.729593716055843,12.034462372353032,2652.051675348364,46.26297412147692
M1 Monthly,seas,mRF,40,1.0,0.0,0.5,5.22,-1,1.206492338402832,1.0472774711416208,16.249239169000813,12.763830814965543,2601.021889605587,46.70912933874963
M1 Monthly,both,mDT,16,0.5,0.5,0.2,0.17,-1,1.429206511810785,1.1635021816284008,18.102819471186148,14.220089162147397,2748.490779651188,52.77290585252424
M1 Monthly,both,mGBT,8,0.5,0.5,0.2,18.61,295,1.1578933885532434,0.9976387757965487,15.68978621406017,12.2661613593375,2458.3651648371924,47.01504455752636
M1 Monthly,both,mRF,40,0.5,0.5,0.2,5.67,-1,1.2007786200580135,1.0392702945017531,16.15987465876745,12.434781770452023,2584.5105308940956,46.9490262241166
M1 Quarterly,base,mDT,8,0.001,0.0,0.0,0.01,-1,2.131294548854247,1.5517750180511474,17.905021402444945,11.664435253615965,2024.3722747036577,24.162093818931435
M1 Quarterly,base,mGBT,8,0.001,0.0,0.0,0.58,109,2.0650581964715915,1.4223893677070807,17.443718567179598,11.190045149511308,2206.5382097926754,22.695134483401233
M1 Quarterly,base,mRF,40,0.001,0.0,0.0,0.45,-1,1.9657586339365338,1.3992309454453369,16.812254135127095,10.609057003737957,2083.385385489028,24.296011017031937
M1 Quarterly,deriv,mDT,8,0.5,0.2,0.0,0.01,-1,2.226610001896954,1.4834804143646407,18.751683898160984,12.260551416079393,2464.784960258532,27.53498284203634
M1 Quarterly,deriv,mGBT,8,0.5,0.2,0.0,0.41,65,2.0741874621736653,1.4500566409574467,17.427016402155335,11.345136403469953,2138.779634264931,23.145746811116087
M1 Quarterly,deriv,mRF,40,0.5,0.2,0.0,0.46,-1,1.965565749480753,1.3990299918602997,16.841638884687598,11.123088651277229,2033.1887913121152,26.001621453151614
M1 Quarterly,seas,mDT,8,0.001,0.0,0.5,0.01,-1,2.1898541801277553,1.4411670992366414,18.114238951868668,11.758817440117507,2062.89915159451,27.073617790049585
M1 Quarterly,seas,mGBT,8,0.001,0.0,0.5,0.4,63,2.0203415554017834,1.3468467804878048,17.13051160316476,10.761459893913838,2304.3911505071605,22.87919437047794
M1 Quarterly,seas,mRF,40,0.001,0.0,0.5,0.43,-1,1.9441709420903,1.407086020015145,16.630002578164767,10.197884102827778,2137.4310173274043,23.95420247486509
M1 Quarterly,both,mDT,8,0.001,0.2,0.5,0.01,-1,2.1608136318749525,1.523766758892286,18.100527666949084,11.568944907147378,2238.5727154667766,26.087578227241163
M1 Quarterly,both,mGBT,8,0.001,0.2,0.5,0.51,91,2.015212008696233,1.3148942676604465,17.146175647332687,11.622397983406502,2555.3013757496788,23.17513168003071
M1 Quarterly,both,mRF,40,0.001,0.2,0.5,0.45,-1,1.9333344716185008,1.3981386620696408,16.592015694516572,10.503325418074397,2125.920987100032,24.924829877567642
M1 Yearly,base,mDT,4,0.5,0.0,0.0,0.0,-1,4.900864473702597,3.474129805376922,20.923024998172487,13.65453486347515,226774.65697750545,281.1325583950809
M1 Yearly,base,mGBT,8,0.5,0.0,0.0,0.15,69,4.439971081942077,3.003801960278985,20.4677085274889,14.095030055258286,224410.81807113477,248.90657795844146
M1 Yearly,base,mRF,40,0.5,0.0,0.0,0.22,-1,4.053711182633661,2.7405875283264605,18.794991538323924,12.984674360084156,231433.53014466635,264.5955802818201
M1 Yearly,deriv,mDT,4,0.001,0.5,0.0,0.0,-1,4.357135028904471,3.0828889438943894,18.88494854871148,12.760753955619872,181236.8624809569,268.894435009961
M1 Yearly,deriv,mGBT,8,0.001,0.5,0.0,0.14,62,4.50451874563198,3.176904087358091,20.67086716010018,14.754395556721848,216655.94286402912,295.0754294327549
M1 Yearly,deriv,mRF,40,0.001,0.5,0.0,0.2,-1,4.116499657543841,2.786104617607345,18.92349072990578,13.686229784021254,217178.40642671008,268.16319045699635
M1 Yearly,seas,mDT,4,0.5,0.0,0.2,0.0,-1,4.900864473702597,3.474129805376922,20.923024998172487,13.65453486347515,226774.65697750545,281.1325583950809
M1 Yearly,seas,mGBT,8,0.5,0.0,0.2,0.15,69,4.439971081942077,3.003801960278985,20.4677085274889,14.095030055258286,224410.81807113477,248.90657795844146
M1 Yearly,seas,mRF,40,0.5,0.0,0.2,0.22,-1,4.053711182633661,2.7405875283264605,18.794991538323924,12.984674360084156,231433.53014466635,264.5955802818201
M1 Yearly,both,mDT,4,0.001,0.5,0.2,0.0,-1,4.357135028904471,3.0828889438943894,18.88494854871148,12.760753955619872,181236.8624809569,268.894435009961
M1 Yearly,both,mGBT,8,0.001,0.5,0.2,0.14,62,4.50451874563198,3.176904087358091,20.67086716010018,14.754395556721848,216655.94286402912,295.0754294327549
M1 Yearly,both,mRF,40,0.001,0.5,0.2,0.22,-1,4.116499657543841,2.786104617607345,18.92349072990578,13.686229784021254,217178.40642671008,268.16319045699635
M3 Monthly,base,mDT,8,0.5,0.0,0.0,0.29,-1,1.1559647626055458,0.9449042891589194,17.212396335466845,11.805403964617149,905.667424684378,679.6355477201347
M3 Monthly,base,mGBT,8,0.5,0.0,0.0,62.79,397,0.9958722835876958,0.8290563093057765,15.636902298971453,10.54893664917661,819.3761230089965,601.8134428297514
M3 Monthly,base,mRF,40,0.5,0.0,0.0,22.86,-1,0.9761693948906481,0.8222591648576099,15.484572346080096,10.38100693913928,810.3583346586705,596.7711429723325
M3 Monthly,deriv,mDT,8,1.0,0.2,0.0,0.29,-1,1.152663400064069,0.9442459201221902,17.15608435495079,11.841888189438606,902.1143861518841,685.3197458781422
M3 Monthly,deriv,mGBT,8,1.0,0.2,0.0,61.48,397,0.9996371224739252,0.8337101021704157,15.640973127712563,10.558305679044828,821.0430796820223,599.0643611722479
M3 Monthly,deriv,mRF,40,1.0,0.2,0.0,23.19,-1,0.9784458674725167,0.8219341637426786,15.521843540111057,10.296407339690347,812.0625068285685,593.6254113485044
M3 Monthly,seas,mDT,8,0.5,0.0,0.2,0.28,-1,1.133250265242729,0.9226704451784509,17.05076788728559,11.644263941258064,891.8264664737733,689.5068609063952
M3 Monthly,seas,mGBT,8,0.5,0.0,0.2,61.1,399,0.9975847107434692,0.8405960782908974,15.658643926049853,10.525567119198392,819.5519420334424,596.926775696728
M3 Monthly,seas,mRF,40,0.5,0.0,0.2,22.22,-1,0.9749982243437858,0.8157770495161079,15.48750481775736,10.22213778967759,810.4503552571769,601.3873973190662
M3 Monthly,both,mDT,8,0.001,0.2,0.5,0.28,-1,1.1794286377072252,0.9654277844584485,17.16099178310199,12.083183859100536,904.7128207364514,694.7297747696308
M3 Monthly,both,mGBT,8,0.001,0.2,0.5,60.76,396,1.0016711099917741,0.8348261345691377,15.559003867345478,10.502264039544173,818.3266861014478,604.1275996306526
M3 Monthly,both,mRF,40,0.001,0.2,0.5,22.51,-1,0.9767513749948553,0.8076204335021786,15.464898675269879,10.200779026055791,810.8208638989212,602.3922345733473
M3 Quarterly,base,mDT,12,0.001,0.0,0.0,0.03,-1,1.5583846809823974,1.1431841032512136,11.626338247637909,8.279119996295904,724.6360848616204,498.40830246475
M3 Quarterly,base,mGBT,8,0.001,0.0,0.0,2.31,142,1.3299169481637356,0.9917503307553006,10.463994036881106,6.6231737930370125,647.2579531210715,434.6231907377479
M3 Quarterly,base,mRF,40,0.001,0.0,0.0,1.36,-1,1.35262018879206,1.0385778965638814,10.425684273675014,6.820988991982835,648.7821037006181,426.061569382058
M3 Quarterly,deriv,mDT,12,0.001,0.2,0.0,0.03,-1,1.5069148082985349,1.1047059763067488,11.431942462398773,7.435641761086022,710.0571661007199,474.75950989283035
M3 Quarterly,deriv,mGBT,8,0.001,0.2,0.0,2.25,141,1.3265967344235687,0.986064271390944,10.461412287116191,6.622060373590466,645.7338887815328,430.35687658187123
M3 Quarterly,deriv,mRF,40,0.001,0.2,0.0,1.46,-1,1.3482680040601678,1.039499951430854,10.403678733801504,6.786731563737174,648.067944434452,430.0097231924476
M3 Quarterly,seas,mDT,8,0.001,0.0,0.5,0.02,-1,1.4867593348349064,1.1481180230913641,11.12608284745253,7.457472096939006,686.0234142246333,458.54508276658066
M3 Quarterly,seas,mGBT,8,0.001,0.0,0.5,2.27,141,1.3205427025540737,1.000983924760853,10.426888198967967,6.773363888024434,644.3213145788546,426.11535653255817
M3 Quarterly,seas,mRF,40,0.001,0.0,0.5,1.42,-1,1.3401802156480838,1.0243361799674604,10.36706163475373,6.811024779215227,644.8960982641953,425.185723119184
M3 Quarterly,both,mDT,8,0.001,0.2,0.5,0.02,-1,1.4899606173674655,1.1722461702632136,11.160064369581711,7.3454127665161915,684.2314740746368,467.37961763499635
M3 Quarterly,both,mGBT,8,0.001,0.2,0.5,2.35,146,1.344125587747258,0.9958421195576136,10.517285889851827,6.66316122570878,648.506791886176,426.33711839605013
M3 Quarterly,both,mRF,40,0.001,0.2,0.5,1.44,-1,1.3421813190200695,1.0132627936141378,10.381351007126542,6.84623102470607,646.7737107434854,427.4407949002726
Mackey-glass,base,mDT,36,0.5,0.0,0.0,0.15,-1,0.8735500239770982,0.6365866969666694,0.531759160963047,0.4137639216733975,0.012522846454632633,0.0085400190716882
Mackey-glass,base,mGBT,8,0.5,0.0,0.0,16.94,399,0.6876696292133357,0.5871990758058218,0.4208154420090108,0.3302469310271434,0.010014901354097867,0.008047778906205467
Mackey-glass,base,mRF,40,0.5,0.0,0.0,3.93,-1,0.690680954052786,0.5879435691979441,0.41851073712847264,0.3540790134864051,0.01001170613934032,0.007989670146899622
Mackey-glass,deriv,mDT,24,0.001,0.5,0.0,0.15,-1,0.7049546178734966,0.4653577550044371,0.4272508331002538,0.2990083148416288,0.01028278114834142,0.0068559407409322665
Mackey-glass,deriv,mGBT,8,0.001,0.5,0.0,16.93,399,0.6986678410008699,0.5467399984872643,0.4258677043996697,0.31303191853292384,0.010236833796829294,0.008168371901349575
Mackey-glass,deriv,mRF,40,0.001,0.5,0.0,3.87,-1,0.6757304870586283,0.6274899071400589,0.40917477784037276,0.35558108881135925,0.009935325733137346,0.009315707325420804
NN5 Daily,base,mDT,8,0.5,0.0,0.0,0.3,-1,1.0057207115577969,0.9531715602772204,24.587608961964836,23.123976928433827,5.935167895977434,5.393938960484176
NN5 Daily,base,mGBT,8,0.5,0.0,0.0,38.79,178,0.9159708317942781,0.8421585528049171,22.47221791770157,21.163886724617903,5.583813526447161,5.101173832170744
NN5 Daily,base,mRF,40,0.5,0.0,0.0,22.11,-1,0.9303668793380401,0.8494100118604652,22.782995337550425,21.00659905689862,5.633280448992689,5.266990941517824
NN5 Daily,deriv,mDT,8,0.001,0.5,0.0,0.31,-1,1.003410461270871,0.9410853721388273,24.49634007151744,23.053734089391906,5.927174523108223,5.45779589694263
NN5 Daily,deriv,mGBT,8,0.001,0.5,0.0,32.67,144,0.9137648963298161,0.8374962502651438,22.406428127834026,20.818610575964154,5.580976761243968,5.004259211364893
NN5 Daily,deriv,mRF,40,0.001,0.5,0.0,22.15,-1,0.9285983187205683,0.850804317744665,22.781943296040005,20.816890976387267,5.6195650222003835,5.177887216809649
NN5 Daily,seas,mDT,8,0.5,0.0,0.2,0.3,-1,0.9927452855722025,0.9171144767721864,24.369606839780396,22.582186970083093,5.90597967519716,5.289920592817127
NN5 Daily,seas,mGBT,8,0.5,0.0,0.2,45.2,214,0.9134414192234587,0.8381411521522076,22.39047534198056,20.476589706995757,5.572166288792481,5.106173708083682
NN5 Daily,seas,mRF,40,0.5,0.0,0.2,22.41,-1,0.9306574799796883,0.8508570102657252,22.788571304266767,21.08058122514817,5.633121691986708,5.2837924396302824
NN5 Daily,both,mDT,8,0.5,0.5,0.2,0.3,-1,0.9981034708897522,0.922157285555888,24.45721265378624,22.40900443759766,5.932355614247211,5.484889776545482
NN5 Daily,both,mGBT,8,0.5,0.5,0.2,34.92,157,0.917569967646235,0.8406843219318987,22.544117402089068,20.514458239909438,5.595932184960567,5.094861911325948
NN5 Daily,both,mRF,40,0.5,0.5,0.2,22.45,-1,0.9290775289959263,0.8454825282771421,22.7737255096469,21.029811431652714,5.629220313728075,5.250702945022568
NN5 Weekly,base,mDT,4,0.001,0.0,0.0,0.01,-1,0.8805820351540405,0.7940246552293114,11.900756210449567,10.983182197676182,19.086852680740645,17.370513630616458
NN5 Weekly,base,mGBT,8,0.001,0.0,0.0,0.67,36,0.8563145983396239,0.7807411612568662,11.584184112582802,10.813749595861971,18.643822191927143,17.04398910727139
NN5 Weekly,base,mRF,40,0.001,0.0,0.0,1.2,-1,0.8493714011988704,0.7456550620473545,11.487588157614722,10.667206790108247,18.554997789450525,16.650539449247248
NN5 Weekly,deriv,mDT,4,0.5,0.2,0.0,0.01,-1,0.9363888555617786,0.8607905550657955,12.677726995129575,11.447497622074328,20.141862680345398,18.031564789873137
NN5 Weekly,deriv,mGBT,8,0.5,0.2,0.0,2.6,257,0.845142942371345,0.7990355720085387,11.445928291657667,10.46988662655129,18.4975206466526,17.053846046537014
NN5 Weekly,deriv,mRF,40,0.5,0.2,0.0,1.31,-1,0.8358895808622681,0.8117126289341852,11.365459305415138,10.543496782406068,18.41176751465932,16.315211137523182
NN5 Weekly,seas,mDT,4,0.001,0.0,0.2,0.01,-1,0.8915609119555242,0.7940246552293114,12.022412918840422,11.04912985599338,19.300704273699193,17.926663951964432
NN5 Weekly,seas,mGBT,8,0.001,0.0,0.2,0.66,33,0.8759353158668131,0.7940471775139352,11.833093231360573,11.071284533737655,18.94578757079895,17.4816709622097
NN5 Weekly,seas,mRF,40,0.001,0.0,0.2,1.19,-1,0.8458008908846465,0.7623168412996058,11.434266359409202,10.499355087487519,18.507463854795805,16.79155169847769
NN5 Weekly,both,mDT,4,0.5,0.2,0.2,0.01,-1,0.938691949178958,0.9049661850104326,12.717815598116605,11.399440591487217,20.124615081223503,18.040061338363632
NN5 Weekly,both,mGBT,8,0.5,0.2,0.2,1.57,137,0.8566834459909382,0.7897483821593864,11.631876978598749,10.845723455661753,18.70289568898575,16.070660808699305
NN5 Weekly,both,mRF,40,0.5,0.2,0.2,1.29,-1,0.8364065306236118,0.7678603511391969,11.363043262162645,10.694151667933866,18.410221330132252,16.329673101232633
Rosmann Daily,base,mDT,12,0.001,0.0,0.0,9.52,-1,0.6672983077198746,0.5686817231955746,40.22534911521383,41.39502621260676,1682.0975187397971,1544.8461569624628
Rosmann Daily,base,mGBT,8,0.001,0.0,0.0,1038.1,185,0.5871686174897933,0.5572111074584849,39.876149491804,42.984621685389854,1500.9899334926247,1381.9084406185489
Rosmann Daily,base,mRF,40,0.001,0.0,0.0,496.92,-1,0.6075455471945104,0.5198301783124347,37.896441866622155,41.691679086061434,1567.16984773627,1393.2303666199132
Rosmann Daily,deriv,mDT,12,0.5,0.5,0.0,9.46,-1,0.6651484748773814,0.6535088472583823,43.54274835459136,43.6270761718901,1687.9500144070673,1537.6230574225697
Rosmann Daily,deriv,mGBT,8,0.5,0.5,0.0,1625.64,304,0.5792536711042862,0.5482110216571013,36.96357113158958,41.3263402811966,1498.7793742488727,1388.6196505211985
Rosmann Daily,deriv,mRF,40,0.5,0.5,0.0,489.94,-1,0.6136999506492847,0.5232476509799171,37.742218000320676,41.604043846983515,1584.5816698341773,1400.306527983953
Rosmann Daily,seas,mDT,12,0.001,0.0,0.5,9.77,-1,0.6489124857200615,0.5341033554162858,39.11412699527659,39.75661956505797,1652.422078394605,1490.4519546137826
Rosmann Daily,seas,mGBT,8,0.001,0.0,0.5,977.85,173,0.5843356954266191,0.5622770423020921,38.31735005122642,41.89120671944558,1502.759259134105,1377.129462984747
Rosmann Daily,seas,mRF,40,0.001,0.0,0.5,501.07,-1,0.6064268432261279,0.5207862208744828,37.04185521252256,40.953865227315525,1566.260416077339,1394.055056148348
Rosmann Daily,both,mDT,12,0.5,0.2,0.5,9.43,-1,0.6630492260804065,0.5669564580011395,39.49856402242683,39.52025027990619,1686.2631629224963,1498.7796223203004
Rosmann Daily,both,mGBT,8,0.5,0.2,0.5,986.24,174,0.5885562567211832,0.5665604626887903,38.62503739357639,42.02027664336836,1509.4023846810553,1397.7689416718977
Rosmann Daily,both,mRF,40,0.5,0.2,0.5,497.57,-1,0.6091950700247611,0.5231110492604312,36.84864953433967,40.98442626638223,1574.4590100858716,1398.3881103504925
Rosmann Daily with Cov,base,mDT,12,0.5,0.0,0.0,12.71,-1,0.6423999788435615,0.5652517696284604,38.50967309461245,37.97586957331192,1690.6102366521127,1436.9622064804696
Rosmann Daily with Cov,base,mGBT,8,0.5,0.0,0.0,1537.46,238,0.5976591033249617,0.5620190938934538,36.307807268957475,41.43290910142607,1561.2142302654845,1373.2940349647508
Rosmann Daily with Cov,base,mRF,40,0.5,0.0,0.0,577.19,-1,0.6162718021326161,0.5481353044551689,36.57437189964796,38.483088258587884,1606.0122553998578,1388.1755187415363
Rosmann Daily with Cov,deriv,mDT,12,0.5,0.5,0.0,12.64,-1,0.6330693783742969,0.568025221128869,37.14256947499563,37.449276572772376,1662.6157556282608,1453.639650169178
Rosmann Daily with Cov,deriv,mGBT,8,0.5,0.5,0.0,1024.87,148,0.5981002587143952,0.5675539867838417,36.427910158109526,41.29692959916429,1565.3421889058227,1378.065107692684
Rosmann Daily with Cov,deriv,mRF,40,0.5,0.5,0.0,581.51,-1,0.6196524563625831,0.5488050633213168,36.45271725389931,38.4834772527918,1613.9774027631663,1395.6407591865961
Rosmann Daily with Cov,seas,mDT,12,0.5,0.0,0.5,12.8,-1,0.6364432502435989,0.5620255975891757,37.840270450489385,37.87135611425476,1667.053967493106,1428.7631294508412
Rosmann Daily with Cov,seas,mGBT,8,0.5,0.0,0.5,1283.54,194,0.6032391394940387,0.5798781980455303,36.78310495279422,41.65639518907503,1575.2108635673167,1396.6393557285733
Rosmann Daily with Cov,seas,mRF,40,0.5,0.0,0.5,585.54,-1,0.6150432643815448,0.5443270046902366,36.28174721263693,38.2348297817163,1603.883187159014,1378.1415988236788
Rosmann Daily with Cov,both,mDT,12,1.0,0.2,0.5,12.68,-1,0.6460088092743173,0.5665857615674661,39.06248258988278,38.09144309046304,1693.2975681606997,1449.4904273020766
Rosmann Daily with Cov,both,mGBT,8,1.0,0.2,0.5,1201.52,179,0.5966787346233774,0.5625055758885821,36.65987126538467,41.07858432404796,1566.8757156332404,1377.8771092393201
Rosmann Daily with Cov,both,mRF,40,1.0,0.2,0.5,581.59,-1,0.6172108254000183,0.5483915964969085,36.619082481791764,38.403575318497204,1610.8123550143569,1387.899709722598
Tourism Monthly,base,mDT,12,0.5,0.0,0.0,0.42,-1,2.3050860265663444,1.92625149923869,26.932596620727594,24.39226396204635,3890.4720344263587,847.7891497630649
Tourism Monthly,base,mGBT,8,0.5,0.0,0.0,56.73,399,1.593394083583748,1.3864024327324342,20.51704482914798,18.025434804855998,2557.6317773488504,573.1375784458182
Tourism Monthly,base,mRF,40,0.5,0.0,0.0,17.71,-1,1.7255551725789515,1.5070527204261908,21.33319549008203,18.89850080365259,2797.2518627475292,636.7741245902714
Tourism Monthly,deriv,mDT,12,1.0,0.5,0.0,0.41,-1,2.2576667086728253,1.9116787185557067,26.747728018470227,24.06744500272614,4357.364164910854,822.4267818900282
Tourism Monthly,deriv,mGBT,8,1.0,0.5,0.0,55.06,381,1.561770223221724,1.3768878768250261,20.20471767785339,17.17486116645775,2438.0942537493856,569.2282553068708
Tourism Monthly,deriv,mRF,40,1.0,0.5,0.0,18.29,-1,1.7419949030134674,1.5086601904299066,21.558259606489806,18.953698300815745,2875.6143277711426,621.1514649993564
Tourism Monthly,seas,mDT,12,1.0,0.0,0.2,0.41,-1,2.2973306550566464,1.9844759209797451,27.147612393231352,24.605867172777305,4133.908630093471,849.5934570275672
Tourism Monthly,seas,mGBT,8,1.0,0.0,0.2,53.64,355,1.5886735784121668,1.3700566433091157,20.371399315581968,17.980572845705932,2531.7633439764104,570.459556575215
Tourism Monthly,seas,mRF,40,1.0,0.0,0.2,17.7,-1,1.7350459074242273,1.494574826887753,21.35627082477294,18.919271440541692,2827.759974231102,625.5069391510804
Tourism Monthly,both,mDT,12,1.0,0.2,0.5,0.41,-1,2.352434363610401,1.8776486546262903,27.185821944743008,24.57088494563163,4497.118471594438,840.4646465324556
Tourism Monthly,both,mGBT,8,1.0,0.2,0.5,54.39,399,1.5958155761256199,1.3770922803958572,20.606607759584424,18.12735863008367,2500.2753953723545,592.5782111531666
Tourism Monthly,both,mRF,40,1.0,0.2,0.5,17.66,-1,1.7465604633046488,1.4781756004644993,21.43108919965729,19.29072164877971,2839.8920774515964,624.9857684712447
Tourism Quarterly,base,mDT,12,0.001,0.0,0.0,0.07,-1,2.268122562527514,1.7689910849214512,20.474873517152602,17.405091834271463,13965.1677260032,1606.1266929939566
Tourism Quarterly,base,mGBT,8,0.001,0.0,0.0,4.91,165,1.6922515186227063,1.2624629157576999,15.948208589689314,12.6061976536056,12337.086238004405,1212.3831010631636
Tourism Quarterly,base,mRF,40,0.001,0.0,0.0,2.44,-1,1.722839163053878,1.36454826209939,16.187658284398967,13.763077660170492,13298.094602799181,1164.8125352926545
Tourism Quarterly,deriv,mDT,8,0.001,0.5,0.0,0.04,-1,2.2584905502963992,1.7962859077656956,20.919948364279122,17.724418167497223,15863.130955363486,1785.997860130272
Tourism Quarterly,deriv,mGBT,8,0.001,0.5,0.0,4.64,154,1.7088647617960744,1.2734976177270019,16.00843202010147,12.874640750687899,12250.849613524382,1210.0190715700357
Tourism Quarterly,deriv,mRF,40,0.001,0.5,0.0,2.45,-1,1.7485360441311344,1.3655513126666419,16.37995617686323,13.899432454526961,13381.133020065554,1172.702400441841
Tourism Quarterly,seas,mDT,8,1.0,0.0,0.5,0.04,-1,2.2322108773235785,1.8506864459980317,19.779577199291232,16.84535970777274,16493.549431794985,1551.5743032019707
Tourism Quarterly,seas,mGBT,8,1.0,0.0,0.5,6.02,210,1.7103508596866215,1.3215560599539036,16.00632759453935,12.64114115720173,13072.23714575759,1205.261561511937
Tourism Quarterly,seas,mRF,40,1.0,0.0,0.5,2.36,-1,1.7193837383292558,1.3580313819737588,15.917351372822568,13.48017806562201,13811.38362793601,1161.7728837710367
Tourism Quarterly,both,mDT,8,0.5,0.5,0.5,0.04,-1,2.149396294496339,1.8460129519094772,19.401328222213195,16.386246528951137,16182.55896838065,1568.9712922387475
Tourism Quarterly,both,mGBT,8,0.5,0.5,0.5,5.21,177,1.747780092656454,1.318179330725621,16.387051724830975,12.955702619757414,12607.269888996243,1259.2099844725592
Tourism Quarterly,both,mRF,40,0.5,0.5,0.5,2.34,-1,1.7008325225825316,1.3118166548346548,15.865590163553582,13.120300288149872,13588.291791373009,1181.67544690259
Tourism Yearly,base,mDT,4,0.001,0.0,0.0,0.0,-1,3.330712735358105,2.389821741092759,37.535340760200384,18.280467878868826,94947.4680727493,4774.658392120111
Tourism Yearly,base,mGBT,8,0.001,0.0,0.0,0.27,43,3.6330025447100307,2.630550858254021,35.98140924354278,21.396693945254093,81401.74272435335,5163.156755161544
Tourism Yearly,base,mRF,40,0.001,0.0,0.0,0.42,-1,3.4457234383180904,2.5602927338911687,35.98533921736673,19.483332629253812,82657.83558466415,5022.401849335283
Tourism Yearly,deriv,mDT,4,0.001,0.2,0.0,0.0,-1,3.4493451375396265,2.4768222085467864,37.45520440125068,18.55473742579671,89191.56598729965,5114.233701007157
Tourism Yearly,deriv,mGBT,8,0.001,0.2,0.0,0.26,42,3.7144474562865017,2.6736501001697843,36.93024994497389,21.82821510410845,78593.69651863551,5126.714524615332
Tourism Yearly,deriv,mRF,40,0.001,0.2,0.0,0.41,-1,3.4598500938191408,2.639263110867758,36.37356295819458,19.674089947173535,84421.7549126455,5155.9961898639485
Tourism Yearly,seas,mDT,4,0.001,0.0,0.2,0.0,-1,3.330712735358105,2.389821741092759,37.535340760200384,18.280467878868826,94947.4680727493,4774.658392120111
Tourism Yearly,seas,mGBT,8,0.001,0.0,0.2,0.27,43,3.6330025447100307,2.630550858254021,35.98140924354278,21.396693945254093,81401.74272435335,5163.156755161544
Tourism Yearly,seas,mRF,40,0.001,0.0,0.2,0.42,-1,3.4457234383180904,2.5602927338911687,35.98533921736673,19.483332629253812,82657.83558466415,5022.401849335283
Tourism Yearly,both,mDT,4,0.001,0.2,0.2,0.0,-1,3.4493451375396265,2.4768222085467864,37.45520440125068,18.55473742579671,89191.56598729965,5114.233701007157
Tourism Yearly,both,mGBT,8,0.001,0.2,0.2,0.26,42,3.7144474562865017,2.6736501001697843,36.93024994497389,21.82821510410845,78593.69651863551,5126.714524615332
Tourism Yearly,both,mRF,40,0.001,0.2,0.2,0.41,-1,3.4598500938191408,2.639263110867758,36.37356295819458,19.674089947173535,84421.7549126455,5155.9961898639485
Traffic Weekly,base,mDT,4,0.5,0.0,0.0,0.03,-1,1.1863992606627363,1.0491339755509475,13.398551357446477,10.480352531220996,1.5860402727673995,1.2966624279136048
Traffic Weekly,base,mGBT,8,0.5,0.0,0.0,13.1,396,1.1145808285431758,0.9637319834834438,12.822993066223855,9.809369236892268,1.4904355618622684,1.1825838888977702
Traffic Weekly,base,mRF,40,0.5,0.0,0.0,9.78,-1,1.1269443411437443,0.979302272018707,12.745753636890262,9.932352481339986,1.508446405968099,1.201979887864774
Traffic Weekly,deriv,mDT,4,0.001,0.2,0.0,0.03,-1,1.1703948887215807,1.0205735168673826,13.165797244029763,10.185432259456114,1.5697417741952615,1.2747180555407138
Traffic Weekly,deriv,mGBT,8,0.001,0.2,0.0,3.44,64,1.1576901563886381,1.01466202677245,13.096171497816552,10.10414645489896,1.5494252751373716,1.2538519849648213
Traffic Weekly,deriv,mRF,40,0.001,0.2,0.0,9.73,-1,1.137118516211318,0.9891726386312985,12.855407685426377,10.051242042478446,1.5280957456107693,1.2274512141333558
Traffic Weekly,seas,mDT,4,0.001,0.0,0.5,0.03,-1,1.169648600678128,1.0193855200319395,13.156741330575574,10.267200666767781,1.5682101293893416,1.2678504578481067
Traffic Weekly,seas,mGBT,8,0.001,0.0,0.5,12.8,344,1.1246470184661534,0.9749120294918588,12.92738936753269,9.857724135088098,1.5072065905720922,1.1891418487955443
Traffic Weekly,seas,mRF,40,0.001,0.0,0.5,9.43,-1,1.1398632252585057,0.9900814746824182,12.890669227415072,10.121242657652527,1.53386608776425,1.2357224610451183
Traffic Weekly,both,mDT,4,0.001,0.5,0.2,0.03,-1,1.1710804901328329,1.0224597442419692,13.171996064896389,10.13390565599282,1.570233900921783,1.2761488856290795
Traffic Weekly,both,mGBT,8,0.001,0.5,0.2,12.01,325,1.1194050914626221,0.9736947517058109,12.832927068091166,9.829477201336314,1.494245382616316,1.1854796351405346
Traffic Weekly,both,mRF,40,0.001,0.5,0.2,9.8,-1,1.1373019429549085,0.9889789387626726,12.86100463640087,9.986386314483362,1.5290894219440625,1.2288749363443185
Vehicle Trips,base,mDT,4,0.5,0.0,0.0,0.03,-1,2.2258960228259883,1.2570488070880068,32.470483611422424,28.090366264183658,29.825509615783776,7.805979961595506
Vehicle Trips,base,mGBT,8,0.5,0.0,0.0,10.86,270,1.9265006906387836,1.02489598861349,29.23592301886087,23.67250776450959,25.86640371525364,6.875075886625548
Vehicle Trips,base,mRF,40,0.5,0.0,0.0,3.98,-1,1.9060128479360559,1.0494775362453423,29.339194912908642,23.78767724343017,25.308681469319986,6.930608512287083
Vehicle Trips,deriv,mDT,4,0.001,0.5,0.0,0.03,-1,2.204473012034902,1.2488341657780562,32.993747039559786,28.982790212245625,30.40218857668893,8.242167953299383
Vehicle Trips,deriv,mGBT,8,0.001,0.5,0.0,14.03,399,1.9744059949982797,1.0537274830014516,29.40868246644565,23.474235248564195,26.22701974782246,7.028513464871518
Vehicle Trips,deriv,mRF,40,0.001,0.5,0.0,3.93,-1,1.914242558221364,1.0442518621766537,29.32813098737567,23.91032184670469,25.427314484144944,6.784786904047417
Vehicle Trips,seas,mDT,4,0.5,0.0,0.2,0.03,-1,2.2359551877527464,1.263618918191686,32.59748025352238,28.087663653178762,29.863720432393027,7.801708815124786
Vehicle Trips,seas,mGBT,8,0.5,0.0,0.2,11.04,276,1.9277984749137453,1.0592401339546158,29.3863132423349,23.68350226654758,25.866201800976548,6.819090839169364
Vehicle Trips,seas,mRF,40,0.5,0.0,0.2,3.91,-1,1.9068848211212461,1.0544516636620718,29.368893133607422,23.801433719526624,25.402661207729263,6.774953728924885
Vehicle Trips,both,mDT,4,1.0,0.5,0.2,0.03,-1,2.2951625036167336,1.2738317349739556,32.52549558502375,27.899313473360955,30.159201720056323,8.167006608803899
Vehicle Trips,both,mGBT,8,1.0,0.5,0.2,13.98,399,1.9353683466179386,1.0461043431848562,29.355521285440393,23.770929359724633,25.818147287016462,7.1063351033622215
Vehicle Trips,both,mRF,40,1.0,0.5,0.2,4.01,-1,1.9104086754701528,1.0485650796529469,29.464807210130047,24.411596613050197,25.30407449156719,6.855654591127206
