dataset,dt_base,dt_deriv,dt_seas,dt_both,gbt_base,gbt_deriv,gbt_seas,gbt_both,rf_base,rf_deriv,rf_seas,rf_both
Bitcoin,3.2813684611439218,4.245355122494383,2.9729092286836973,3.646045760482573,3.1679261603326365,3.0169953670421874,3.234463390425625,3.144858324054173,3.167544228067361,3.2981465108743664,3.2036020726667047,3.1442403887324573
COVID Deaths,1.0829148271690134,1.1828130543411055,1.1604226126775166,1.0937445794177325,1.4423111182249364,1.3575437836267117,1.272025043710176,1.4298932140268743,0.9424832476697516,0.9768245911167296,0.9535662144873758,1.0440533153806988
Chaotic logistic,0.6139900035098613,0.6095089889393953,0.6139900035098613,0.6095089889393953,0.5955527640761978,0.5983564179730607,0.5955527640761978,0.5983564179730607,0.5877566688675604,0.5897480315611813,0.5877566688675604,0.5897480315611813
Electricity Weekly,0.9449279352449652,0.9436040453860742,0.7696850605127104,0.8910086733589705,0.7557414233059258,0.7469410178294961,0.7257127681634464,0.7631017234046863,0.7950225993619935,0.7855220580362308,0.70396666943055,0.7904545843247132
FREDMD,0.6625079164277051,0.7773043874772717,0.6786849262105289,0.6293432310325218,0.4546856291678567,0.4983888981894848,0.4693673144313386,0.4908460272531952,0.4142036526193755,0.3971229174764228,0.425714305687186,0.3930311486274137
Favorita Daily,0.7244170431877981,0.7179336941510479,0.7266212858914214,0.7223706063294872,0.7101235514894326,0.7123471049702319,0.7129837251857523,0.7168168617704194,0.7190031933917878,0.7171036889091117,0.7153543066600249,0.719351817409722
Favorita Daily with Cov,0.7225375780260008,0.7237181640867816,0.7294801396193771,0.722537250727024,0.7097139690203828,0.7108801881505229,0.7096417293857966,0.710241826388998,0.7160357810013811,0.7165663577412806,0.7173331841969688,0.7146046725661942
Hospital,0.7990867579908676,0.796812749003984,0.7780320366132724,0.7816091954022989,0.76,0.7731958435163466,0.7771765863256271,0.7692307692307692,0.7678177169778984,0.762376313162322,0.766016713091922,0.7698962267707377
Kaggle Daily,0.6392781535666929,0.6340658530190537,0.6380710686719776,0.6470731040825916,0.5930899165722525,0.59238799347691,0.5958781638348218,0.5890586344520937,0.6543330668230424,0.6532642767650901,0.6612171775591206,0.6559606036440702
Kaggle Daily with Cov,0.7256063111623268,0.7229262525347714,0.7256063111623268,0.7229262525347714,0.7191145815512054,0.7164606119184351,0.7243425743840535,0.7184293501201372,0.727064134775713,0.7253111672305153,0.7293693629550152,0.7255080303547923
M4 Hourly,0.887314985067861,0.8700912856242728,0.8940199834694412,0.899496610988104,0.80227581413439,0.7620713552046445,0.7738569958435213,0.7501642626448548,0.5548849605113572,0.5662298494621265,0.5476030319921081,0.5867939283087638
M4 Weekly,0.446370992550656,0.4391373574055839,0.4489857572923209,0.4332723935055716,0.3704793442708212,0.3516585006086049,0.3670380866853524,0.3717013466445096,0.2983501593594673,0.3129317352372264,0.3098270253974227,0.3087272300705458
M5 Daily,1.3284716147699542,1.3155019542410824,1.329322031888849,1.3320106181880047,1.2650939620607715,1.2650939620607715,1.273048724606622,1.273048724606622,1.3938886178026544,1.401092580796861,1.4019821076435277,1.4007627713356792
M1 Monthly,1.2009292340884574,1.207970428641945,1.193148060044549,1.1635021816284008,1.0000486879738697,0.9855618006351388,0.9841206860863556,0.9976387757965488,1.0530983215213177,1.039173038493759,1.0472774711416208,1.0392702945017531
M1 Quarterly,1.5517750180511474,1.4834804143646407,1.4411670992366414,1.523766758892286,1.422389367707081,1.450056640957447,1.3468467804878048,1.3148942676604465,1.3992309454453369,1.3990299918602995,1.407086020015145,1.3981386620696408
M1 Yearly,3.474129805376922,3.0828889438943894,3.474129805376922,3.0828889438943894,3.003801960278985,3.176904087358091,3.003801960278985,3.176904087358091,2.7405875283264605,2.786104617607345,2.7405875283264605,2.786104617607345
M3 Monthly,0.9449042891589194,0.9442459201221902,0.9226704451784508,0.9654277844584483,0.8290563093057765,0.8337101021704157,0.8405960782908974,0.8348261345691377,0.8222591648576099,0.8219341637426786,0.8157770495161079,0.8076204335021786
M3 Quarterly,1.1431841032512136,1.1047059763067488,1.148118023091364,1.1722461702632136,0.9917503307553006,0.986064271390944,1.000983924760853,0.9958421195576136,1.0385778965638814,1.039499951430854,1.0243361799674604,1.0132627936141378
Mackey-glass,0.6365866969666694,0.4653577550044371,0.6365866969666694,0.4653577550044371,0.5871990758058218,0.5467399984872643,0.5871990758058218,0.5467399984872643,0.5879435691979441,0.6274899071400589,0.5879435691979441,0.6274899071400589
NN5 Daily,0.9531715602772204,0.9410853721388271,0.9171144767721864,0.922157285555888,0.8421585528049171,0.8374962502651438,0.8381411521522076,0.8406843219318987,0.8494100118604652,0.850804317744665,0.8508570102657252,0.8454825282771421
NN5 Weekly,0.7940246552293114,0.8607905550657955,0.7940246552293114,0.9049661850104326,0.7807411612568662,0.7990355720085387,0.7940471775139352,0.7897483821593864,0.7456550620473545,0.8117126289341852,0.7623168412996058,0.7678603511391969
Rosmann Daily,0.5686817231955746,0.6535088472583823,0.5341033554162858,0.5669564580011395,0.5572111074584849,0.5482110216571013,0.5622770423020921,0.5665604626887903,0.5198301783124347,0.5232476509799171,0.5207862208744828,0.5231110492604312
Rosmann Daily with Cov,0.5652517696284604,0.568025221128869,0.5620255975891757,0.5665857615674661,0.5620190938934538,0.5675539867838417,0.5798781980455303,0.5625055758885821,0.5481353044551689,0.5488050633213168,0.5443270046902366,0.5483915964969085
Tourism Monthly,1.92625149923869,1.9116787185557067,1.984475920979745,1.8776486546262905,1.3864024327324342,1.376887876825026,1.3700566433091157,1.3770922803958572,1.5070527204261908,1.5086601904299066,1.494574826887753,1.4781756004644993
Tourism Quarterly,1.7689910849214512,1.7962859077656956,1.850686445998032,1.8460129519094768,1.2624629157577,1.273497617727002,1.3215560599539036,1.318179330725621,1.36454826209939,1.365551312666642,1.3580313819737588,1.3118166548346548
Tourism Yearly,2.389821741092759,2.4768222085467864,2.389821741092759,2.4768222085467864,2.630550858254021,2.6736501001697843,2.630550858254021,2.6736501001697843,2.5602927338911687,2.639263110867758,2.5602927338911687,2.639263110867758
Traffic Weekly,1.0491339755509477,1.0205735168673826,1.0193855200319395,1.0224597442419692,0.9637319834834438,1.01466202677245,0.9749120294918588,0.9736947517058108,0.979302272018707,0.9891726386312985,0.9900814746824182,0.9889789387626726
Vehicle Trips,1.2570488070880068,1.2488341657780562,1.263618918191686,1.2738317349739556,1.02489598861349,1.0537274830014516,1.0592401339546158,1.0461043431848562,1.0494775362453423,1.0442518621766537,1.0544516636620718,1.0485650796529469
